{
    "pools": [
        {
            "rolls": 3,
            "bonus_rolls": 1,
            "entries": [
                {
                    "type": "item",
                    "weight": 10,
                    "name": "minecraft:brick",
                    "functions": [
                        {
                            "function": "set_count",
                            "count": {
                                "min": 1,
                                "max": 8
                            }
                        }
                    ]
                },
                {
                    "type": "item",
                    "weight": 10,
                    "name": "minecraft:oak_planks",
                    "functions": [
                        {
                            "function": "set_count",
                            "count": {
                                "min": 1,
                                "max": 10
                            }
                        }
                    ]
                },
                {
                    "type": "item",
                    "weight": 6,
                    "name": "minecraft:tipped_arrow",
                    "functions": [
                        {
                            "function": "set_nbt",
                            "tag": "{Potion:\"minecraft:weakness\"}"
                        },
                        {
                            "function": "set_count",
                            "count": {
                                "min": 1,
                                "max": 3
                            }
                        }
                    ]
                }
            ]
        },
        {
            "rolls": {
                "min": 3,
                "max": 5
            },
            "bonus_rolls": {
                "min": 1,
                "max": 2
            },
            "entries": [
                {
                    "type": "item",
                    "weight": 15,
                    "name": "minecraft:tnt",
                    "functions": [
                        {
                            "function": "set_count",
                            "count": {
                                "min": 1,
                                "max": 3
                            }
                        }
                    ]
                },
                {
                    "type": "item",
                    "weight": 80,
                    "name": "minecraft:gold_nugget",
                    "functions": [
                        {
                            "function": "set_count",
                            "count": {
                                "min": 5,
                                "max": 10
                            }
                        }
                    ]
                },
                {
                    "type": "item",
                    "weight": 25,
                    "name": "minecraft:iron_nugget",
                    "functions": [
                        {
                            "function": "set_count",
                            "count": {
                                "min": 1,
                                "max": 7
                            }
                        }
                    ]
                },
                {
                    "type": "item",
                    "weight": 10,
                    "name": "minecraft:iron_ingot",
                    "functions": [
                        {
                            "function": "set_count",
                            "count": {
                                "min": 1,
                                "max": 3
                            }
                        }
                    ]
                },
                {
                    "type": "item",
                    "weight": 10,
                    "name": "minecraft:cooked_chicken",
                    "functions": [
                        {
                            "function": "set_count",
                            "count": {
                                "min": 1,
                                "max": 3
                            }
                        }
                    ]
                },
                {
                    "type": "item",
                    "weight": 25,
                    "name": "minecraft:pumpkin_pie",
                    "functions": [
                        {
                            "function": "set_count",
                            "count": {
                                "min": 3,
                                "max": 10
                            }
                        }
                    ]
                },
				{
                    "type": "item",
                    "weight": 10,
                    "name": "minecraft:flint",
                    "functions": [
                        {
                            "function": "set_count",
                            "count": {
                                "min": 1,
                                "max": 3
                            }
                        }
                    ]
                },
                {
                    "type": "item",
                    "weight": 5,
                    "name": "minecraft:diamond",
                    "functions": [
                        {
                            "function": "set_count",
                            "count": 1
                        }
                    ]
                },
                {
                    "type": "item",
                    "weight": 3,
                    "name": "minecraft:iron_helmet"
                },
                {
                    "type": "item",
                    "weight": 3,
                    "name": "minecraft:iron_chestplate"
                },
                {
                    "type": "item",
                    "weight": 3,
                    "name": "minecraft:iron_leggings"
                },
                {
                    "type": "item",
                    "weight": 3,
                    "name": "minecraft:iron_boots"
                },
                {
                    "type": "item",
                    "weight": 3,
                    "name": "minecraft:iron_pickaxe"
                },
                {
                    "type": "item",
                    "weight": 3,
                    "name": "minecraft:iron_axe"
                },
                {
                    "type": "item",
                    "weight": 3,
                    "name": "minecraft:potion",
                    "functions": [
                        {
                            "function": "set_nbt",
                            "tag": "{Potion:\"minecraft:long_turtle_master\"}"
                        }
                    ]
                },
                {
                    "type": "item",
                    "weight": 8,
                    "name": "minecraft:potion",
                    "functions": [
                        {
                            "function": "set_nbt",
                            "tag": "{Potion:\"minecraft:strong_healing\"}"
                        }
                    ]
                }
            ]
        }
    ]
}