{
    "pools": [
        {
            "rolls": 1,
            "bonus_rolls": 0,
            "entries": [
                {
                    "type": "item",
                    "weight": 10,
                    "name": "minecraft:quartz",
                    "functions": [
                        {
                            "function": "set_count",
                            "count": {
                                "min": 3,
                                "max": 15
                            }
                        }
                    ]
                },
                {
                    "type": "item",
                    "weight": 5,
                    "name": "minecraft:netherrack",
                    "functions": [
                        {
                            "function": "set_count",
                            "count": {
                                "min": 3,
                                "max": 15
                            }
                        }
                    ]
                },
                {
                    "type": "item",
                    "weight": 11,
                    "name": "minecraft:yellow_dye"
                }
            ]
        },
        {
            "rolls": {
                "min": 3,
                "max": 5
            },
            "bonus_rolls": {
                "min": 1,
                "max": 2
            },
            "entries": [
                {
                    "type": "item",
                    "weight": 10,
                    "name": "minecraft:glistering_melon_slice"
                },
				{
                    "type": "item",
                    "weight": 10,
                    "name": "minecraft:golden_apple"
                },
                {
                    "type": "item",
                    "weight": 15,
                    "name": "minecraft:iron_ingot",
                    "functions": [
                        {
                            "function": "set_count",
                            "count": {
                                "min": 1,
                                "max": 3
                            }
                        }
                    ]
                },
                {
                    "type": "item",
                    "weight": 25,
                    "name": "minecraft:cooked_rabbit",
                    "functions": [
                        {
                            "function": "set_count",
                            "count": {
                                "min": 1,
                                "max": 4
                            }
                        }
                    ]
                },
				{
                    "type": "item",
                    "weight": 12,
                    "name": "minecraft:beetroot_seeds",
                    "functions": [
                        {
                            "function": "set_count",
                            "count": {
                                "min": 1,
                                "max": 5
                            }
                        }
                    ]
                },
				{
                    "type": "item",
                    "weight": 25,
                    "name": "minecraft:wheat",
                    "functions": [
                        {
                            "function": "set_count",
                            "count": {
                                "min": 3,
                                "max": 4
                            }
                        }
                    ]
                },
				{
                    "type": "item",
                    "weight": 25,
                    "name": "minecraft:spectral_arrow",
                    "functions": [
                        {
                            "function": "set_count",
                            "count": {
                                "min": 3,
                                "max": 4
                            }
                        }
                    ]
                },
                {
                    "type": "item",
                    "weight": 5,
                    "name": "minecraft:diamond"
                },
                {
                    "type": "item",
                    "weight": 2,
                    "name": "minecraft:leather_helmet",
					"functions": [
                        {
                            "function": "enchant_with_levels",
                            "levels": {
                                "min": 1,
                                "max": 8
                            },
                            "treasure": true
                        },
                        {
                            "function": "set_nbt",
                            "tag": "{display:{color:16383998}}"
                        }
                    ]
                },
                {
                    "type": "item",
                    "weight": 2,
                    "name": "minecraft:leather_chestplate",
					"functions": [
                        {
                            "function": "enchant_with_levels",
                            "levels": {
                                "min": 1,
                                "max": 8
                            },
                            "treasure": true
                        },
                        {
                            "function": "set_nbt",
                            "tag": "{display:{color:16383998}}"
                        }
                    ]
                },
                {
                    "type": "item",
                    "weight": 2,
                    "name": "minecraft:leather_leggings",
					"functions": [
                        {
                            "function": "enchant_with_levels",
                            "levels": {
                                "min": 1,
                                "max": 8
                            },
                            "treasure": true
                        },
                        {
                            "function": "set_nbt",
                            "tag": "{display:{color:16383998}}"
                        }
                    ]
                },
                {
                    "type": "item",
                    "weight": 2,
                    "name": "minecraft:leather_boots",
					"functions": [
                        {
                            "function": "enchant_with_levels",
                            "levels": {
                                "min": 1,
                                "max": 8
                            },
                            "treasure": true
                        },
                        {
                            "function": "set_nbt",
                            "tag": "{display:{color:16383998}}"
                        }
                    ]
                },
				{
                    "type": "item",
                    "weight": 4,
                    "name": "minecraft:book",
                    "functions": [
                        {
                            "function": "enchant_with_levels",
							"levels": {
                                "min": 1,
                                "max": 10
                            },
							"treasure": true
                        }
                    ]
                },
				{
                    "type": "item",
                    "weight": 2,
                    "name": "minecraft:enchanted_book",
                    "functions": [
                        {
                            "function": "set_nbt",
                            "tag": "{StoredEnchantments:[{id:feather_falling,lvl:2}]}"
                        }
                    ]
                },
				{
                    "type": "item",
                    "weight": 5,
                    "name": "minecraft:potion",
                    "functions": [
                        {
                            "function": "set_nbt",
                            "tag": "{Potion:\"minecraft:fire_resistance\"}"
                        }
                    ]
                },
				{
                    "type": "item",
                    "weight": 5,
                    "name": "minecraft:potion",
                    "functions": [
                        {
                            "function": "set_nbt",
                            "tag": "{CustomPotionEffects:[{Id:8,Amplifier:4,Duration:600},{Id:1,Amplifier:2,Duration:600},{Id:3,Amplifier:2,Duration:600}],CustomPotionColor:16777215,display:{Name:'[{\"text\":\"Potion of Dexterity\",\"italic\":false}]'}}"
                        }
                    ]
                }
            ]
        }
    ]
}