{
    "pools": [
        {
            "rolls": 1,
            "bonus_rolls": 0,
            "entries": [
                {
                    "type": "item",
                    "weight": 666,
                    "name": "minecraft:red_dye"
                }
            ]
        },
		{
            "rolls": 1,
            "bonus_rolls": {
                "min": 0,
                "max": 1
            },
            "entries": [
                {
                    "type": "item",
                    "weight": 40,
                    "name": "minecraft:diamond_sword",
                    "functions": [
                        {
                            "function": "enchant_with_levels",
							"levels": 30,
							"treasure": true
                        }
                    ]
                },
				{
                    "type": "item",
                    "weight": 40,
                    "name": "minecraft:diamond_axe",
                    "functions": [
                        {
                            "function": "enchant_with_levels",
							"levels": 30,
							"treasure": true
                        }
                    ]
                },
				{
                    "type": "item",
                    "weight": 40,
                    "name": "minecraft:diamond_pickaxe",
                    "functions": [
                        {
                            "function": "enchant_with_levels",
							"levels": 30,
							"treasure": true
                        }
                    ]
                },
				{
                    "type": "item",
                    "weight": 10,
                    "name": "minecraft:diamond_shovel",
                    "functions": [
                        {
                            "function": "enchant_with_levels",
							"levels": 30,
							"treasure": true
                        }
                    ]
                },
				{
                    "type": "item",
                    "weight": 40,
                    "name": "minecraft:diamond_shovel",
                    "functions": [
                        {
                            "function": "enchant_with_levels",
							"levels": 30,
							"treasure": true
                        }
                    ]
                },
				{
                    "type": "item",
                    "weight": 10,
                    "name": "minecraft:trident",
                    "functions": [
                        {
                            "function": "enchant_with_levels",
							"levels": 30,
							"treasure": true
                        }
                    ]
                },
				{
                    "type": "item",
                    "weight": 40,
                    "name": "minecraft:diamond_helmet",
                    "functions": [
                        {
                            "function": "enchant_with_levels",
							"levels": 30,
							"treasure": true
                        }
                    ]
                },
				{
                    "type": "item",
                    "weight": 40,
                    "name": "minecraft:diamond_chestplate",
                    "functions": [
                        {
                            "function": "enchant_with_levels",
							"levels": 30,
							"treasure": true
                        }
                    ]
                },
				{
                    "type": "item",
                    "weight": 40,
                    "name": "minecraft:diamond_leggings",
                    "functions": [
                        {
                            "function": "enchant_with_levels",
							"levels": 30,
							"treasure": true
                        }
                    ]
                },
				{
                    "type": "item",
                    "weight": 40,
                    "name": "minecraft:diamond_boots",
                    "functions": [
                        {
                            "function": "enchant_with_levels",
							"levels": 30,
							"treasure": true
                        }
                    ]
                },
				{
                    "type": "item",
                    "weight": 1,
                    "name": "minecraft:diamond_hoe",
                    "functions": [
                        {
                            "function": "enchant_with_levels",
							"levels": 30,
							"treasure": true
                        }
                    ]
                }
            ]
        },
        {
            "rolls": {
                "min": 1,
                "max": 3
            },
            "bonus_rolls": {
                "min": 1,
                "max": 1
            },
            "entries": [
                {
                    "type": "item",
                    "weight": 10,
                    "name": "minecraft:ender_pearl"
                },
				{
                    "type": "item",
                    "weight": 2,
                    "name": "minecraft:enchanted_golden_apple"
                },
				{
                    "type": "item",
                    "weight": 5,
                    "name": "minecraft:totem_of_undying"
                },
				{
                    "type": "item",
                    "weight": 10,
                    "name": "minecraft:book",
                    "functions": [
                        {
                            "function": "enchant_with_levels",
							"levels": 30,
							"treasure": true
                        }
                    ]
                },
				{
                    "type": "item",
                    "weight": 2,
                    "name": "minecraft:bow",
                    "functions": [
                        {
                            "function": "enchant_with_levels",
							"levels": 30,
							"treasure": true
                        }
                    ]
                },
				{
                    "type": "item",
                    "weight": 2,
                    "name": "minecraft:crossbow",
                    "functions": [
                        {
                            "function": "enchant_with_levels",
							"levels": 30,
							"treasure": true
                        }
                    ]
                },
                {
                    "type": "item",
                    "weight": 25,
                    "name": "minecraft:golden_apple",
                    "functions": [
                        {
                            "function": "set_count",
                            "count": {
                                "min": 1,
                                "max": 4
                            }
                        }
                    ]
                }
			]
		},
		{
            "rolls": {
                "min": 1,
                "max": 2
            },
            "bonus_rolls": 0,
            "entries": [
                {
                    "type": "item",
                    "weight": 25,
                    "name": "minecraft:iron_ingot",
                    "functions": [
                        {
                            "function": "set_count",
                            "count": {
                                "min": 3,
                                "max": 15
                            }
                        }
                    ]
                },
                {
                    "type": "item",
                    "weight": 25,
                    "name": "minecraft:cooked_beef",
                    "functions": [
                        {
                            "function": "set_count",
                            "count": {
                                "min": 1,
                                "max": 16
                            }
                        }
                    ]
                },
				{
                    "type": "item",
                    "weight": 12,
                    "name": "minecraft:lapis_lazuli",
                    "functions": [
                        {
                            "function": "set_count",
                            "count": {
                                "min": 2,
                                "max": 8
                            }
                        }
                    ]
                },
                {
                    "type": "item",
                    "weight": 10,
                    "name": "minecraft:nether_wart",
                    "functions": [
                        {
                            "function": "set_count",
                            "count": {
                                "min": 1,
                                "max": 5
                            }
                        }
                    ]
                },
				{
                    "type": "item",
                    "weight": 10,
                    "name": "minecraft:charcoal",
                    "functions": [
                        {
                            "function": "set_count",
                            "count": {
                                "min": 1,
                                "max": 6
                            }
                        }
                    ]
                },
				{
                    "type": "item",
                    "weight": 3,
                    "name": "minecraft:gunpowder",
                    "functions": [
                        {
                            "function": "set_count",
                            "count": {
                                "min": 1,
                                "max": 7
                            }
                        }
                    ]
                }
            ]
        }
    ]
}