{
    "pools": [
        {
            "rolls": 3,
            "bonus_rolls": 0,
            "entries": [
                {
                    "type": "item",
                    "weight": 10,
                    "name": "minecraft:soul_soil",
                    "functions": [
                        {
                            "function": "set_count",
                            "count": {
                                "min": 1,
                                "max": 8
                            }
                        }
                    ]
                },
                {
                    "type": "item",
                    "weight": 10,
                    "name": "minecraft:bone",
                    "functions": [
                        {
                            "function": "set_count",
                            "count": {
                                "min": 1,
                                "max": 5
                            }
                        }
                    ]
                },
                {
                    "type": "item",
                    "weight": 5,
                    "name": "minecraft:rotten_flesh",
                    "functions": [
                        {
                            "function": "set_count",
                            "count": {
                                "min": 1,
                                "max": 3
                            }
                        }
                    ]
                }
            ]
        },
        {
            "rolls": {
                "min": 3,
                "max": 5
            },
            "bonus_rolls": {
                "min": 1,
                "max": 2
            },
            "entries": [
                {
                    "type": "item",
                    "weight": 15,
                    "name": "minecraft:crossbow"
                },
                {
                    "type": "item",
                    "weight": 40,
                    "name": "minecraft:gold_nugget",
                    "functions": [
                        {
                            "function": "set_count",
                            "count": {
                                "min": 3,
                                "max": 9
                            }
                        }
                    ]
                },
                {
                    "type": "item",
                    "weight": 25,
                    "name": "minecraft:iron_ingot",
                    "functions": [
                        {
                            "function": "set_count",
                            "count": {
                                "min": 1,
                                "max": 3
                            }
                        }
                    ]
                },
                {
                    "type": "item",
                    "weight": 25,
                    "name": "minecraft:cooked_salmon",
                    "functions": [
                        {
                            "function": "set_count",
                            "count": {
                                "min": 1,
                                "max": 8
                            }
                        }
                    ]
                },
				{
                    "type": "item",
                    "weight": 12,
                    "name": "minecraft:lapis_lazuli",
                    "functions": [
                        {
                            "function": "set_count",
                            "count": {
                                "min": 2,
                                "max": 5
                            }
                        }
                    ]
                },
                {
                    "type": "item",
                    "weight": 10,
                    "name": "minecraft:potato",
                    "functions": [
                        {
                            "function": "set_count",
                            "count": {
                                "min": 1,
                                "max": 3
                            }
                        }
                    ]
                },
				{
                    "type": "item",
                    "weight": 10,
                    "name": "minecraft:feather",
                    "functions": [
                        {
                            "function": "set_count",
                            "count": {
                                "min": 1,
                                "max": 6
                            }
                        }
                    ]
                },
				{
                    "type": "item",
                    "weight": 3,
                    "name": "minecraft:flint",
                    "functions": [
                        {
                            "function": "set_count",
                            "count": {
                                "min": 1,
                                "max": 2
                            }
                        }
                    ]
                },
				{
                    "type": "item",
                    "weight": 8,
                    "name": "minecraft:charcoal",
                    "functions": [
                        {
                            "function": "set_count",
                            "count": {
                                "min": 1,
                                "max": 5
                            }
                        }
                    ]
                },
				{
                    "type": "item",
                    "weight": 20,
                    "name": "minecraft:soul_torch",
                    "functions": [
                        {
                            "function": "set_count",
                            "count": {
                                "min": 1,
                                "max": 5
                            }
                        }
                    ]
                },
				{
                    "type": "item",
                    "weight": 20,
                    "name": "minecraft:leather",
                    "functions": [
                        {
                            "function": "set_count",
                            "count": {
                                "min": 1,
                                "max": 5
                            }
                        }
                    ]
                },
				{
                    "type": "item",
                    "weight": 30,
                    "name": "minecraft:tipped_arrow",
                    "functions": [
                        {
                            "function": "set_nbt",
                            "tag": "{Potion:\"minecraft:strong_harming\"}"
                        },
                        {
                            "function": "set_count",
                            "count": {
                                "min": 1,
                                "max": 3
                            }
                        }
                    ]
                },
				{
                    "type": "item",
                    "weight": 30,
                    "name": "minecraft:tipped_arrow",
                    "functions": [
                        {
                            "function": "set_nbt",
                            "tag": "{Potion:\"minecraft:strong_healing\"}"
                        },
                        {
                            "function": "set_count",
                            "count": {
                                "min": 1,
                                "max": 3
                            }
                        }
                    ]
                },
                {
                    "type": "item",
                    "weight": 5,
                    "name": "minecraft:diamond",
                    "functions": [
                        {
                            "function": "set_count",
                            "count": 1
                        }
                    ]
                },
                {
                    "type": "item",
                    "weight": 1,
                    "name": "minecraft:chainmail_helmet"
                },
                {
                    "type": "item",
                    "weight": 1,
                    "name": "minecraft:chainmail_chestplate"
                },
                {
                    "type": "item",
                    "weight": 1,
                    "name": "minecraft:chainmail_leggings"
                },
                {
                    "type": "item",
                    "weight": 1,
                    "name": "minecraft:iron_shovel"
                },
                {
                    "type": "item",
                    "weight": 2,
                    "name": "minecraft:iron_axe"
                },
				{
                    "type": "item",
                    "weight": 1,
                    "name": "minecraft:iron_sword"
                },
				{
                    "type": "item",
                    "weight": 4,
                    "name": "minecraft:book",
                    "functions": [
                        {
                            "function": "enchant_with_levels",
							"levels": 30,
							"treasure": true
                        }
                    ]
                },
                {
                    "type": "item",
                    "weight": 8,
                    "name": "minecraft:potion",
                    "functions": [
                        {
                            "function": "set_nbt",
                            "tag": "{Potion:\"minecraft:strong_leaping\"}"
                        }
                    ]
                },
				{
                    "type": "item",
                    "weight": 8,
                    "name": "minecraft:crossbow",
                    "functions": [
                        {
                            "function": "set_nbt",
                            "tag": "{display:{Name:'[{\"text\":\"Rabid Shredder\",\"italic\":false,\"bold\":true,\"color\":\"dark_red\"}]',Lore:['[{\"text\":\"Cannot be repaired\",\"italic\":false,\"color\":\"red\"}]']},Enchantments:[{id:multishot,lvl:1},{id:quick_charge,lvl:5},{id:piercing,lvl:10}],Damage:286,RepairCost:664}"
                        }
                    ]
                },
				{
                    "type": "item",
                    "weight": 1,
                    "name": "minecraft:chainmail_boots",
                    "functions": [
                        {
                            "function": "set_nbt",
                            "tag": "{display:{Name:'[{\"text\":\"Lucifer\\'s Clogs\",\"italic\":false,\"color\":\"red\",\"bold\":true}]'},Enchantments:[{id:soul_speed,lvl:4},{id:unbreaking,lvl:10}],Unbreakable:1,HideFlags:4}"
                        }
                    ]
                },
				{
                    "type": "item",
                    "weight": 2,
                    "name": "minecraft:enchanted_book",
                    "functions": [
                        {
                            "function": "set_nbt",
                            "tag": "{StoredEnchantments:[{id:multishot,lvl:1}]}"
                        }
                    ]
                },
				{
                    "type": "item",
                    "weight": 2,
                    "name": "minecraft:enchanted_book",
                    "functions": [
                        {
                            "function": "set_nbt",
                            "tag": "{StoredEnchantments:[{id:quick_charge,lvl:3}]}"
                        }
                    ]
                }
            ]
        }
    ]
}