{
    "pools": [
        {
            "rolls": 3,
            "bonus_rolls": 0,
            "entries": [
                {
                    "type": "item",
                    "weight": 10,
                    "name": "minecraft:nether_brick",
                    "functions": [
                        {
                            "function": "set_count",
                            "count": {
                                "min": 1,
                                "max": 8
                            }
                        }
                    ]
                },
                {
                    "type": "item",
                    "weight": 5,
                    "name": "minecraft:rotten_flesh",
                    "functions": [
                        {
                            "function": "set_count",
                            "count": {
                                "min": 1,
                                "max": 5
                            }
                        }
                    ]
                },
                {
                    "type": "item",
                    "weight": 10,
                    "name": "minecraft:fire_charge",
                    "functions": [
                        {
                            "function": "set_count",
                            "count": {
                                "min": 1,
                                "max": 4
                            }
                        }
                    ]
                }
            ]
        },
        {
            "rolls": {
                "min": 3,
                "max": 5
            },
            "bonus_rolls": {
                "min": 1,
                "max": 2
            },
            "entries": [
                {
                    "type": "item",
                    "weight": 25,
                    "name": "minecraft:netherite_scrap"
                },
                {
                    "type": "item",
                    "weight": 40,
                    "name": "minecraft:gold_nugget",
                    "functions": [
                        {
                            "function": "set_count",
                            "count": {
                                "min": 3,
                                "max": 9
                            }
                        }
                    ]
                },
                {
                    "type": "item",
                    "weight": 25,
                    "name": "minecraft:iron_ingot",
                    "functions": [
                        {
                            "function": "set_count",
                            "count": {
                                "min": 1,
                                "max": 3
                            }
                        }
                    ]
                },
                {
                    "type": "item",
                    "weight": 25,
                    "name": "minecraft:cooked_beef",
                    "functions": [
                        {
                            "function": "set_count",
                            "count": {
                                "min": 1,
                                "max": 4
                            }
                        }
                    ]
                },
				{
                    "type": "item",
                    "weight": 12,
                    "name": "minecraft:lapis_lazuli",
                    "functions": [
                        {
                            "function": "set_count",
                            "count": {
                                "min": 2,
                                "max": 5
                            }
                        }
                    ]
                },
                {
                    "type": "item",
                    "weight": 5,
                    "name": "minecraft:nether_gold_ore",
                    "functions": [
                        {
                            "function": "set_count",
                            "count": {
                                "min": 1,
                                "max": 3
                            }
                        }
                    ]
                },
				{
                    "type": "item",
                    "weight": 10,
                    "name": "minecraft:leather",
                    "functions": [
                        {
                            "function": "set_count",
                            "count": {
                                "min": 1,
                                "max": 6
                            }
                        }
                    ]
                },
				{
                    "type": "item",
                    "weight": 3,
                    "name": "minecraft:coal",
                    "functions": [
                        {
                            "function": "set_count",
                            "count": {
                                "min": 1,
                                "max": 2
                            }
                        }
                    ]
                },
				{
                    "type": "item",
                    "weight": 8,
                    "name": "minecraft:quartz",
                    "functions": [
                        {
                            "function": "set_count",
                            "count": {
                                "min": 1,
                                "max": 5
                            }
                        }
                    ]
                },
				{
                    "type": "item",
                    "weight": 6,
                    "name": "minecraft:tipped_arrow",
                    "functions": [
                        {
                            "function": "set_nbt",
                            "tag": "{Potion:\"minecraft:long_poison\"}"
                        },
                        {
                            "function": "set_count",
                            "count": {
                                "min": 1,
                                "max": 3
                            }
                        }
                    ]
                },
                {
                    "type": "item",
                    "weight": 5,
                    "name": "minecraft:diamond"
                },
                {
                    "type": "item",
                    "weight": 2,
                    "name": "minecraft:leather_helmet",
					"functions": [
                        {
                            "function": "enchant_with_levels",
                            "levels": {
                                "min": 1,
                                "max": 30
                            },
                            "treasure": true
                        },
                        {
                            "function": "set_nbt",
                            "tag": "{display:{color:16711680}}"
                        }
                    ]
                },
                {
                    "type": "item",
                    "weight": 2,
                    "name": "minecraft:leather_chestplate",
					"functions": [
                        {
                            "function": "enchant_with_levels",
                            "levels": {
                                "min": 1,
                                "max": 30
                            },
                            "treasure": true
                        },
                        {
                            "function": "set_nbt",
                            "tag": "{display:{color:16711680}}"
                        }
                    ]
                },
                {
                    "type": "item",
                    "weight": 2,
                    "name": "minecraft:leather_leggings",
					"functions": [
                        {
                            "function": "enchant_with_levels",
                            "levels": {
                                "min": 1,
                                "max": 30
                            },
                            "treasure": true
                        },
                        {
                            "function": "set_nbt",
                            "tag": "{display:{color:16711680}}"
                        }
                    ]
                },
                {
                    "type": "item",
                    "weight": 2,
                    "name": "minecraft:leather_boots",
					"functions": [
                        {
                            "function": "enchant_with_levels",
                            "levels": {
                                "min": 1,
                                "max": 30
                            },
                            "treasure": true
                        },
                        {
                            "function": "set_nbt",
                            "tag": "{display:{color:16711680}}"
                        }
                    ]
                },
                {
                    "type": "item",
                    "weight": 2,
                    "name": "minecraft:stone_pickaxe"
                },
				{
                    "type": "item",
                    "weight": 2,
                    "name": "minecraft:stone_shovel"
                },
                {
                    "type": "item",
                    "weight": 2,
                    "name": "minecraft:stone_axe"
                },
				{
                    "type": "item",
                    "weight": 2,
                    "name": "minecraft:stone_sword"
                },
                {
                    "type": "item",
                    "weight": 4,
                    "name": "minecraft:golden_apple"
                },
				{
                    "type": "item",
                    "weight": 4,
                    "name": "minecraft:book",
                    "functions": [
                        {
                            "function": "enchant_with_levels",
							"levels": {
                                "min": 1,
                                "max": 30
                            },
							"treasure": true
                        }
                    ]
                },
                {
                    "type": "item",
                    "weight": 15,
                    "name": "minecraft:potion",
                    "functions": [
                        {
                            "function": "set_nbt",
                            "tag": "{Potion:\"minecraft:awkward\"}"
                        }
                    ]
                },
				{
                    "type": "item",
                    "weight": 1,
                    "name": "minecraft:potion",
                    "functions": [
                        {
                            "function": "set_nbt",
                            "tag": "{Potion:\"minecraft:fire_resistance\"}"
                        }
                    ]
                },
				{
                    "type": "item",
                    "weight": 5,
                    "name": "minecraft:splash_potion",
                    "functions": [
                        {
                            "function": "set_nbt",
                            "tag": "{Potion:\"minecraft:long_poison\"}"
                        }
                    ]
                }
            ]
        }
    ]
}