{
    "pools": [
        {
            "rolls": 8,
            "bonus_rolls": 2,
            "entries": [
                {
                    "type": "item",
                    "weight": 10,
                    "name": "minecraft:fire_charge",
                    "functions": [
                        {
                            "function": "set_count",
                            "count": {
                                "min": 1,
                                "max": 3
                            }
                        }
                    ]
                },
				{
                    "type": "item",
                    "weight": 1,
                    "name": "minecraft:netherite_scrap"
                }
            ]
        }
    ]
}