{
    "pools": [
        {
            "rolls": 3,
            "bonus_rolls": 0,
            "entries": [
                {
                    "type": "item",
                    "weight": 10,
                    "name": "minecraft:stone_bricks",
                    "functions": [
                        {
                            "function": "set_count",
                            "count": {
                                "min": 1,
                                "max": 8
                            }
                        }
                    ]
                },
                {
                    "type": "item",
                    "weight": 10,
                    "name": "minecraft:iron_nugget",
                    "functions": [
                        {
                            "function": "set_count",
                            "count": {
                                "min": 1,
                                "max": 5
                            }
                        }
                    ]
                },
                {
                    "type": "item",
                    "weight": 10,
                    "name": "minecraft:arrow",
                    "functions": [
                        {
                            "function": "set_count",
                            "count": {
                                "min": 1,
                                "max": 4
                            }
                        }
                    ]
                }
            ]
        },
        {
            "rolls": {
                "min": 3,
                "max": 5
            },
            "bonus_rolls": {
                "min": 1,
                "max": 2
            },
            "entries": [
                {
                    "type": "item",
                    "weight": 15,
                    "name": "minecraft:ender_pearl"
                },
                {
                    "type": "item",
                    "weight": 80,
                    "name": "minecraft:gold_nugget",
                    "functions": [
                        {
                            "function": "set_count",
                            "count": {
                                "min": 3,
                                "max": 9
                            }
                        }
                    ]
                },
                {
                    "type": "item",
                    "weight": 25,
                    "name": "minecraft:iron_nugget",
                    "functions": [
                        {
                            "function": "set_count",
                            "count": {
                                "min": 1,
                                "max": 7
                            }
                        }
                    ]
                },
                {
                    "type": "item",
                    "weight": 10,
                    "name": "minecraft:iron_ingot",
                    "functions": [
                        {
                            "function": "set_count",
                            "count": {
                                "min": 1,
                                "max": 3
                            }
                        }
                    ]
                },
                {
                    "type": "item",
                    "weight": 25,
                    "name": "minecraft:bread",
                    "functions": [
                        {
                            "function": "set_count",
                            "count": {
                                "min": 1,
                                "max": 7
                            }
                        }
                    ]
                },
				{
                    "type": "item",
                    "weight": 12,
                    "name": "minecraft:lapis_lazuli",
                    "functions": [
                        {
                            "function": "set_count",
                            "count": {
                                "min": 2,
                                "max": 5
                            }
                        }
                    ]
                },
                {
                    "type": "item",
                    "weight": 10,
                    "name": "minecraft:apple",
                    "functions": [
                        {
                            "function": "set_count",
                            "count": {
                                "min": 1,
                                "max": 3
                            }
                        }
                    ]
                },
				{
                    "type": "item",
                    "weight": 10,
                    "name": "minecraft:redstone",
                    "functions": [
                        {
                            "function": "set_count",
                            "count": {
                                "min": 1,
                                "max": 6
                            }
                        }
                    ]
                },
				{
                    "type": "item",
                    "weight": 3,
                    "name": "minecraft:flint",
                    "functions": [
                        {
                            "function": "set_count",
                            "count": {
                                "min": 1,
                                "max": 2
                            }
                        }
                    ]
                },
				{
                    "type": "item",
                    "weight": 8,
                    "name": "minecraft:charcoal",
                    "functions": [
                        {
                            "function": "set_count",
                            "count": {
                                "min": 1,
                                "max": 5
                            }
                        }
                    ]
                },
                {
                    "type": "item",
                    "weight": 5,
                    "name": "minecraft:diamond",
                    "functions": [
                        {
                            "function": "set_count",
                            "count": 1
                        }
                    ]
                },
                {
                    "type": "item",
                    "weight": 2,
                    "name": "minecraft:iron_helmet"
                },
                {
                    "type": "item",
                    "weight": 2,
                    "name": "minecraft:iron_chestplate"
                },
                {
                    "type": "item",
                    "weight": 2,
                    "name": "minecraft:iron_leggings"
                },
                {
                    "type": "item",
                    "weight": 2,
                    "name": "minecraft:iron_boots"
                },
                {
                    "type": "item",
                    "weight": 2,
                    "name": "minecraft:iron_pickaxe"
                },
                {
                    "type": "item",
                    "weight": 2,
                    "name": "minecraft:iron_axe"
                },
				{
                    "type": "item",
                    "weight": 2,
                    "name": "minecraft:iron_sword"
                },
				{
                    "type": "item",
                    "weight": 4,
                    "name": "minecraft:book",
                    "functions": [
                        {
                            "function": "enchant_with_levels",
							"levels": 30,
							"treasure": true
                        }
                    ]
                },
                {
                    "type": "item",
                    "weight": 8,
                    "name": "minecraft:potion",
                    "functions": [
                        {
                            "function": "set_nbt",
                            "tag": "{Potion:\"minecraft:long_swiftness\"}"
                        }
                    ]
                },
				{
                    "type": "item",
                    "weight": 2,
                    "name": "minecraft:potion",
                    "functions": [
                        {
                            "function": "set_nbt",
                            "tag": "{CustomPotionEffects:[{Id:26,Duration:6000}],CustomPotionColor:2225664,display:{Name:'[{\"text\":\"Potion of Luck\",\"italic\":false}]'}}"
                        }
                    ]
                }
            ]
        }
    ]
}