{
    "pools": [
        {
            "rolls": 1,
            "bonus_rolls": 1,
            "entries": [
                {
                    "type": "item",
                    "weight": 25,
                    "name": "minecraft:arrow",
                    "functions": [
                        {
                            "function": "set_count",
                            "count": {
                                "min": 5,
                                "max": 15
                            }
                        }
                    ]
                },
                {
                    "type": "item",
                    "weight": 25,
                    "name": "minecraft:iron_ingot",
                    "functions": [
                        {
                            "function": "set_count",
                            "count": {
                                "min": 1,
                                "max": 20
                            }
                        }
                    ]
                },
                {
                    "type": "item",
                    "weight": 25,
                    "name": "minecraft:diamond",
                    "functions": [
                        {
                            "function": "set_count",
                            "count": {
                                "min": 1,
                                "max": 5
                            }
                        }
                    ]
                },
                {
                    "type": "item",
                    "weight": 25,
                    "name": "minecraft:golden_apple",
                    "functions": [
                        {
                            "function": "set_count",
                            "count": {
                                "min": 1,
                                "max": 2
                            }
                        }
                    ]
                },
				{
                    "type": "item",
                    "weight": 25,
                    "name": "minecraft:book",
                    "functions": [
                        {
                            "function": "enchant_with_levels",
							"levels": 30,
							"treasure": true
                        }
                    ]
                },
				{
                    "type": "item",
                    "weight": 25,
                    "name": "minecraft:ender_pearl"
                },
                {
                    "type": "item",
                    "weight": 25,
                    "name": "minecraft:ladder",
                    "functions": [
                        {
                            "function": "set_count",
                            "count": {
                                "min": 2,
                                "max": 5
                            }
                        }
                    ]
                }
            ]
        },
        {
            "rolls": 1,
            "entries": [
                {
                    "type": "item",
                    "weight": 1,
                    "name": "minecraft:ladder",
                    "functions": [
                        {
                            "function": "set_count",
                            "count": {
                                "min": 14,
                                "max": 25
                            }
                        }
                    ]
                }
            ]
        }
    ]
}