{
  "type": "tid:layer_finale_type",
  "generator": {
    "type": "minecraft:flat",
    "seed": 60000,
    "settings": {
      "biome": "minecraft:soul_sand_valley",
      "lakes": false,
      "features": false,
      "layers": [
        {
          "block": "minecraft:bedrock",
          "height": 1
        },
        {
          "block": "minecraft:ancient_debris",
          "height": 126
        },
		{
          "block": "minecraft:bedrock",
          "height": 2
        },
		{
          "block": "minecraft:orange_wool",
          "height": 126
        },
        {
          "block": "minecraft:bedrock",
          "height": 1
        },
      ],
      "structures": {
        "structures": {}
      }
    }
  }
}